{"v":"5.4.4","fr":29.9700012207031,"ip":0,"op":257.000010467825,"w":1000,"h":1000,"nm":"Main Comp","ddd":0,"assets":[{"id":"comp_0","layers":[{"ddd":0,"ind":1,"ty":4,"nm":"Accent","parent":4,"sr":1,"ks":{"o":{"a":0,"k":100,"ix":11},"r":{"a":1,"k":[{"i":{"x":[0.4],"y":[1]},"o":{"x":[0.6],"y":[0]},"t":0,"s":[90],"e":[810]},{"i":{"x":[0.4],"y":[1]},"o":{"x":[0.6],"y":[0]},"t":50,"s":[810],"e":[810]},{"i":{"x":[0.4],"y":[1]},"o":{"x":[0.6],"y":[0]},"t":60,"s":[810],"e":[1530]},{"i":{"x":[0.4],"y":[1]},"o":{"x":[0.6],"y":[0]},"t":110,"s":[1530],"e":[1530]},{"i":{"x":[0.4],"y":[1]},"o":{"x":[0.6],"y":[0]},"t":120,"s":[1530],"e":[2250]},{"i":{"x":[0.4],"y":[1]},"o":{"x":[0.6],"y":[0]},"t":170,"s":[2250],"e":[2250]},{"i":{"x":[0.4],"y":[1]},"o":{"x":[0.6],"y":[0]},"t":180,"s":[2250],"e":[2970]},{"i":{"x":[0.4],"y":[1]},"o":{"x":[0.6],"y":[0]},"t":230,"s":[2970],"e":[2970]},{"i":{"x":[0.4],"y":[1]},"o":{"x":[0.6],"y":[0]},"t":240,"s":[2970],"e":[3690]},{"i":{"x":[0.4],"y":[1]},"o":{"x":[0.6],"y":[0]},"t":290,"s":[3690],"e":[3690]},{"i":{"x":[0.4],"y":[1]},"o":{"x":[0.6],"y":[0]},"t":300,"s":[3690],"e":[4410]},{"i":{"x":[0.4],"y":[1]},"o":{"x":[0.6],"y":[0]},"t":360,"s":[4410],"e":[4410]},{"i":{"x":[0.4],"y":[1]},"o":{"x":[0.6],"y":[0]},"t":370,"s":[4410],"e":[5130]},{"t":410.000016699642}],"ix":10},"p":{"a":0,"k":[621.554,384.282,0],"ix":2},"a":{"a":0,"k":[621.554,384.282,0],"ix":1},"s":{"a":0,"k":[100,100,100],"ix":6}},"ao":0,"shapes":[{"ty":"gr","it":[{"ind":0,"ty":"sh","ix":1,"ks":{"a":0,"k":{"i":[[14.585,0],[0,0],[0,14.585],[-14.586,0],[0,0],[0,-14.586]],"o":[[0,0],[-14.586,0],[0,-14.586],[0,0],[14.585,0],[0,14.585]],"v":[[73.203,26.409],[-73.203,26.409],[-99.613,0],[-73.203,-26.41],[73.203,-26.41],[99.612,0]],"c":true},"ix":2},"nm":"Path 1","mn":"ADBE Vector Shape - Group","hd":false},{"ty":"fl","c":{"a":0,"k":[1,1,1,1],"ix":4},"o":{"a":0,"k":100,"ix":5},"r":1,"bm":0,"nm":"Fill 1","mn":"ADBE Vector Graphic - Fill","hd":false},{"ty":"tr","p":{"a":0,"k":[621.554,384.282],"ix":2},"a":{"a":0,"k":[0,0],"ix":1},"s":{"a":0,"k":[100,100],"ix":3},"r":{"a":0,"k":0,"ix":6},"o":{"a":0,"k":100,"ix":7},"sk":{"a":0,"k":0,"ix":4},"sa":{"a":0,"k":0,"ix":5},"nm":"Transform"}],"nm":"Group 2","np":2,"cix":2,"bm":0,"ix":1,"mn":"ADBE Vector Group","hd":false}],"ip":0,"op":551.00002244269,"st":0,"bm":0},{"ddd":0,"ind":3,"ty":4,"nm":"Leg","parent":4,"sr":1,"ks":{"o":{"a":0,"k":100,"ix":11},"r":{"a":0,"k":0,"ix":10},"p":{"a":0,"k":[621.555,465.726,0],"ix":2},"a":{"a":0,"k":[621.555,465.726,0],"ix":1},"s":{"a":0,"k":[100,100,100],"ix":6}},"ao":0,"shapes":[{"ty":"gr","it":[{"ind":0,"ty":"sh","ix":1,"ks":{"a":0,"k":{"i":[[0,14.586],[0,0],[-14.586,0],[0,-14.585],[0,0],[14.585,0]],"o":[[0,0],[0,-14.585],[14.585,0],[0,0],[0,14.586],[-14.586,0]],"v":[[-26.409,67.444],[-26.409,-67.445],[0,-93.854],[26.409,-67.445],[26.409,67.444],[0,93.854]],"c":true},"ix":2},"nm":"Path 1","mn":"ADBE Vector Shape - Group","hd":false},{"ty":"fl","c":{"a":0,"k":[1,1,1,1],"ix":4},"o":{"a":0,"k":100,"ix":5},"r":1,"bm":0,"nm":"Fill 1","mn":"ADBE Vector Graphic - Fill","hd":false},{"ty":"tr","p":{"a":0,"k":[621.555,465.726],"ix":2},"a":{"a":0,"k":[0,0],"ix":1},"s":{"a":0,"k":[100,100],"ix":3},"r":{"a":0,"k":0,"ix":6},"o":{"a":0,"k":100,"ix":7},"sk":{"a":0,"k":0,"ix":4},"sa":{"a":0,"k":0,"ix":5},"nm":"Transform"}],"nm":"Group 5","np":2,"cix":2,"bm":0,"ix":1,"mn":"ADBE Vector Group","hd":false}],"ip":0,"op":552.000022483421,"st":0,"bm":0},{"ddd":0,"ind":4,"ty":4,"nm":"Body","sr":1,"ks":{"o":{"a":0,"k":100,"ix":11},"r":{"a":1,"k":[{"i":{"x":[0.34],"y":[1]},"o":{"x":[0.506],"y":[0]},"t":0,"s":[0],"e":[360]},{"i":{"x":[0.4],"y":[1]},"o":{"x":[0.6],"y":[0]},"t":50,"s":[360],"e":[360]},{"i":{"x":[0.34],"y":[1]},"o":{"x":[0.506],"y":[0]},"t":60,"s":[360],"e":[720]},{"i":{"x":[0.34],"y":[1]},"o":{"x":[0.6],"y":[0]},"t":110,"s":[720],"e":[720]},{"i":{"x":[0.34],"y":[1]},"o":{"x":[0.6],"y":[0]},"t":120,"s":[720],"e":[1080]},{"i":{"x":[0.34],"y":[1]},"o":{"x":[0.6],"y":[0]},"t":170,"s":[1080],"e":[1080]},{"i":{"x":[0.34],"y":[1]},"o":{"x":[0.6],"y":[0]},"t":180,"s":[1080],"e":[1440]},{"i":{"x":[0.34],"y":[1]},"o":{"x":[0.6],"y":[0]},"t":230,"s":[1440],"e":[1440]},{"i":{"x":[0.34],"y":[1]},"o":{"x":[0.6],"y":[0]},"t":240,"s":[1440],"e":[1800]},{"i":{"x":[0.34],"y":[1]},"o":{"x":[0.6],"y":[0]},"t":290,"s":[1800],"e":[1800]},{"i":{"x":[0.34],"y":[1]},"o":{"x":[0.6],"y":[0]},"t":300,"s":[1800],"e":[2160]},{"i":{"x":[0.34],"y":[1]},"o":{"x":[0.6],"y":[0]},"t":360,"s":[2160],"e":[2160]},{"i":{"x":[0.34],"y":[1]},"o":{"x":[0.6],"y":[0]},"t":370,"s":[2160],"e":[2520]},{"t":410.000016699642}],"ix":10},"p":{"a":0,"k":[488.826,515,0],"ix":2},"a":{"a":0,"k":[707.941,382.938,0],"ix":1},"s":{"a":0,"k":[100,100,100],"ix":6}},"ao":0,"shapes":[{"ty":"gr","it":[{"ind":0,"ty":"sh","ix":1,"ks":{"a":0,"k":{"i":[[12.596,7.354],[0,0],[7.354,-12.596],[-12.595,-7.354],[0,0],[-7.354,12.595]],"o":[[0,0],[-12.596,-7.354],[-7.354,12.596],[0,0],[12.596,7.354],[7.354,-12.596]],"v":[[140.811,51.629],[-114.179,-97.243],[-150.302,-87.753],[-140.811,-51.63],[114.179,97.243],[150.302,87.753]],"c":true},"ix":2},"nm":"Path 1","mn":"ADBE Vector Shape - Group","hd":false},{"ty":"fl","c":{"a":0,"k":[1,1,1,1],"ix":4},"o":{"a":0,"k":100,"ix":5},"r":1,"bm":0,"nm":"Fill 1","mn":"ADBE Vector Graphic - Fill","hd":false},{"ty":"tr","p":{"a":0,"k":[749.598,309.249],"ix":2},"a":{"a":0,"k":[0,0],"ix":1},"s":{"a":0,"k":[100,100],"ix":3},"r":{"a":0,"k":0,"ix":6},"o":{"a":0,"k":100,"ix":7},"sk":{"a":0,"k":0,"ix":4},"sa":{"a":0,"k":0,"ix":5},"nm":"Transform"}],"nm":"Group 3","np":2,"cix":2,"bm":0,"ix":1,"mn":"ADBE Vector Group","hd":false},{"ty":"gr","it":[{"ind":0,"ty":"sh","ix":1,"ks":{"a":0,"k":{"i":[[-12.596,7.354],[0,0],[-7.355,-12.596],[12.595,-7.354],[0,0],[7.354,12.597]],"o":[[0,0],[12.595,-7.354],[7.353,12.596],[0,0],[-12.595,7.354],[-7.354,-12.596]],"v":[[-140.81,51.63],[114.18,-97.244],[150.302,-87.752],[140.812,-51.629],[-114.18,97.244],[-150.302,87.752]],"c":true},"ix":2},"nm":"Path 1","mn":"ADBE Vector Shape - Group","hd":false},{"ty":"fl","c":{"a":0,"k":[1,1,1,1],"ix":4},"o":{"a":0,"k":100,"ix":5},"r":1,"bm":0,"nm":"Fill 1","mn":"ADBE Vector Graphic - Fill","hd":false},{"ty":"tr","p":{"a":0,"k":[749.598,458.751],"ix":2},"a":{"a":0,"k":[0,0],"ix":1},"s":{"a":0,"k":[100,100],"ix":3},"r":{"a":0,"k":0,"ix":6},"o":{"a":0,"k":100,"ix":7},"sk":{"a":0,"k":0,"ix":4},"sa":{"a":0,"k":0,"ix":5},"nm":"Transform"}],"nm":"Group 4","np":2,"cix":2,"bm":0,"ix":2,"mn":"ADBE Vector Group","hd":false},{"ty":"gr","it":[{"ind":0,"ty":"sh","ix":1,"ks":{"a":0,"k":{"i":[[0,14.585],[0,0],[-14.586,0],[0,-14.586],[0,0],[14.585,0]],"o":[[0,0],[0,-14.586],[14.585,0],[0,0],[0,14.585],[-14.586,0]],"v":[[-26.409,34.675],[-26.409,-34.676],[0,-61.085],[26.409,-34.676],[26.409,34.675],[0,61.085]],"c":true},"ix":2},"nm":"Path 1","mn":"ADBE Vector Shape - Group","hd":false},{"ty":"fl","c":{"a":0,"k":[1,1,1,1],"ix":4},"o":{"a":0,"k":100,"ix":5},"r":1,"bm":0,"nm":"Fill 1","mn":"ADBE Vector Graphic - Fill","hd":false},{"ty":"tr","p":{"a":0,"k":[621.555,270.252],"ix":2},"a":{"a":0,"k":[0,0],"ix":1},"s":{"a":0,"k":[100,100],"ix":3},"r":{"a":0,"k":0,"ix":6},"o":{"a":0,"k":100,"ix":7},"sk":{"a":0,"k":0,"ix":4},"sa":{"a":0,"k":0,"ix":5},"nm":"Transform"}],"nm":"Group 6","np":2,"cix":2,"bm":0,"ix":3,"mn":"ADBE Vector Group","hd":false}],"ip":0,"op":552.000022483421,"st":0,"bm":0}]}],"layers":[{"ddd":0,"ind":2,"ty":0,"nm":"Logo Spinner","refId":"comp_0","sr":0.7,"ks":{"o":{"a":0,"k":100,"ix":11},"r":{"a":0,"k":0,"ix":10},"p":{"a":0,"k":[500,500,0],"ix":2},"a":{"a":0,"k":[500,500,0],"ix":1},"s":{"a":0,"k":[100,100,100],"ix":6}},"ao":0,"ef":[{"ty":20,"nm":"Tint","np":6,"mn":"ADBE Tint","ix":1,"en":1,"ef":[{"ty":2,"nm":"Map Black To","mn":"ADBE Tint-0001","ix":1,"v":{"a":0,"k":[0,0,0,0],"ix":1}},{"ty":2,"nm":"Map White To","mn":"ADBE Tint-0002","ix":2,"v":{"a":1,"k":[{"i":{"x":[0.4],"y":[1]},"o":{"x":[0.6],"y":[0]},"t":4,"s":[0.815686285496,0.815686285496,0.815686285496,1],"e":[0.305882364511,0.580392181873,0.988235294819,1]},{"i":{"x":[0.4],"y":[1]},"o":{"x":[0.167],"y":[0]},"t":24.5,"s":[0.305882364511,0.580392181873,0.988235294819,1],"e":[0.305882364511,0.580392181873,0.988235294819,1]},{"i":{"x":[0.4],"y":[1]},"o":{"x":[0.167],"y":[0]},"t":45.5,"s":[0.305882364511,0.580392181873,0.988235294819,1],"e":[0.941176474094,0.278431385756,0.407843142748,1]},{"i":{"x":[0.4],"y":[1]},"o":{"x":[0.167],"y":[0]},"t":66.5,"s":[0.941176474094,0.278431385756,0.407843142748,1],"e":[0.941176474094,0.278431385756,0.407843142748,1]},{"i":{"x":[0.4],"y":[1]},"o":{"x":[0.167],"y":[0]},"t":87.5,"s":[0.941176474094,0.278431385756,0.407843142748,1],"e":[0.298039227724,0.784313738346,0.678431391716,1]},{"i":{"x":[0.4],"y":[1]},"o":{"x":[0.167],"y":[0]},"t":108.5,"s":[0.298039227724,0.784313738346,0.678431391716,1],"e":[0.298039227724,0.784313738346,0.678431391716,1]},{"i":{"x":[0.4],"y":[1]},"o":{"x":[0.167],"y":[0]},"t":129.5,"s":[0.298039227724,0.784313738346,0.678431391716,1],"e":[0.976470589638,0.701960802078,0.176470592618,1]},{"i":{"x":[0.4],"y":[1]},"o":{"x":[0.167],"y":[0]},"t":150.5,"s":[0.976470589638,0.701960802078,0.176470592618,1],"e":[0.976470589638,0.701960802078,0.176470592618,1]},{"i":{"x":[0.4],"y":[1]},"o":{"x":[0.167],"y":[0]},"t":171.5,"s":[0.976470589638,0.701960802078,0.176470592618,1],"e":[0.639215707779,0.419607847929,0.815686285496,1]},{"i":{"x":[0.4],"y":[1]},"o":{"x":[0.167],"y":[0]},"t":192.5,"s":[0.639215707779,0.419607847929,0.815686285496,1],"e":[0.639215707779,0.419607847929,0.815686285496,1]},{"i":{"x":[0.403],"y":[1]},"o":{"x":[0.168],"y":[0]},"t":213.5,"s":[0.639215707779,0.419607847929,0.815686285496,1],"e":[0.815686285496,0.815686285496,0.815686285496,1]},{"i":{"x":[0.4],"y":[1]},"o":{"x":[0.331],"y":[0]},"t":234,"s":[0.815686285496,0.815686285496,0.815686285496,1],"e":[0.815686285496,0.815686285496,0.815686285496,1]},{"t":255.999635427078}],"ix":2}},{"ty":0,"nm":"Amount to Tint","mn":"ADBE Tint-0003","ix":3,"v":{"a":0,"k":100,"ix":3}},{"ty":6,"nm":"","mn":"ADBE Tint-0004","ix":4,"v":0}]}],"w":1000,"h":1000,"ip":0,"op":630.000025660426,"st":0,"bm":0}],"markers":[]}